Sno,Brand,Grade/Type,Material,Thickness ,MRP (per Sqm),Discount,Rate (Per Sqm),GST,Price (per Sqm),Price (per SFT),,Remarks
1,Austin,MR,Plywood,6,570.49,31.90%,388.5,18%,458.43,42.68,,5 years warranty
2,Austin,MR,Plywood,8,661.99,28.94%,470.39,18%,555.0602,51.68,,
3,Austin,MR,Plywood,12,785.77,26.39%,578.4,18%,682.512,63.55,,
4,Austin,MR,Plywood,16,974.14,25.51%,725.62,18%,856.2316,79.72,,
5,Austin,MR,Plywood,18,1087.16,24.68%,818.82,18%,966.2076,89.96,,
6,Austin,MR,Block Board,18,1157.13,24.57%,872.83,18%,1029.9394,95.90,,
7,Austin,Gold Premium,Plywood ,4,661.99,23.93%,503.6,18%,594.248,55.33,,30 Years Warranty
8,Austin,Gold Premium,Plywood ,6,764.24,21.58%,599.33,18%,707.2094,65.85,,
9,Austin,Gold Premium,Plywood ,9,888.03,21.37%,698.23,18%,823.9114,76.71,,
10,Austin,Gold Premium,Plywood ,12,1119.46,21.90%,874.26,18%,1031.6268,96.05,,
11,Austin,Gold Premium,Plywood ,16,1345.5,21.33%,1058.46,18%,1248.9828,116.29,,
12,Austin,Gold Premium,Plywood ,19,1490.81,19.38%,1201.83,18%,1418.1594,132.04,,
13,Austin,Gold Premium,Plywood ,25,2335.79,19.86%,1871.93,18%,2208.8774,205.67,,
14,Austin,Gold Premium,Block Board,16,1469.29,87.04%,190.49,18%,224.7782,20.93,,
15,Austin,Gold Premium,Block Board,19,1533.87,18.75%,1246.29,18%,1470.6222,136.93,,
16,Austin,Gold Premium,Block Board,25,2152.8,20.72%,1706.79,18%,2014.0122,187.52,,
17,Austin,Club+,Plywood ,4,731.95,100.00%,,18%,0,0.00,,500% Lifetime Warranty
18,Austin,Club+,Plywood ,6,866.5,100.00%,,18%,0,0.00,,
19,Austin,Club+,Plywood ,9,1011.82,100.00%,,18%,0,0.00,,
20,Austin,Club+,Plywood ,12,1286,100.00%,,18%,0,0.00,,
21,Austin,Club+,Plywood ,16,1539.25,100.00%,,18%,0,0.00,,
22,Austin,Club+,Plywood ,19,1765.3,100.00%,,18%,0,0.00,,
23,Austin,Club+,Plywood ,25,2680.24,100.00%,,18%,0,0.00,,
24,Austin,Club+,Block Board,19,1808.35,100.00%,,18%,0,0.00,,
25,Austin,Club+,Block Board,25,2314.26,100.00%,,18%,0,0.00,,
26,Austin,Platinum+,Plywood ,4,775.01,100.00%,,18%,0,0.00,,750% Lifetime Warranty
27,Austin,Platinum+,Plywood ,6,952.61,100.00%,,18%,0,0.00,,
28,Austin,Platinum+,Plywood ,9,1146.37,100.00%,,18%,0,0.00,,
29,Austin,Platinum+,Plywood ,12,1436.99,100.00%,,18%,0,0.00,,
30,Austin,Platinum+,Plywood ,16,1862.17,100.00%,,18%,0,0.00,,
31,Austin,Platinum+,Plywood ,19,2039.78,100.00%,,18%,0,0.00,,
32,Austin,Platinum+,Plywood ,25,3261.49,100.00%,,18%,0,0.00,,
33,Austin,Platinum+,Block Board,19,1899.85,100.00%,,18%,0,0.00,,
34,Austin,Platinum+,Block Board,25,2454.19,100.00%,,18%,0,0.00,,
35,Austin,710,Plywood ,6,592.02,29.67%,416.38,18%,491.3284,45.75,,15 years Warranty
36,Austin,710,Plywood ,8,705.04,28.71%,502.62,18%,593.0916,55.22,,
37,Austin,710,Plywood ,12,898.79,28.86%,639.38,18%,754.4684,70.25,,
38,Austin,710,Plywood ,16,1146.37,29.41%,809.24,18%,954.9032,88.91,,
39,Austin,710,Plywood ,19,1237.86,24.00%,940.77,18%,1110.1086,103.36,,
40,Austin,710,Block Board,19,1329.35,24.32%,1006.11,18%,1187.2098,110.54,,
,,,,,,,,,,0.00,,
,,,,,,,,,,,,
,,,,,,,,,,,,
41,Greenply,Gold,Plywood ,6,,,,,,68,,30 Years Warranty
42,Greenply,Gold,Plywood ,9,,,,,,81,,30 Years Warranty
43,Greenply,Gold,Plywood ,12,,,,,,100,,30 Years Warranty
44,Greenply,Gold,Plywood ,19,,,,,,139,,30 Years Warranty
45,Greenply,Platinum,Plywood ,6,,,,,,72,,30 Years Warranty
46,Greenply,Platinum,Plywood ,9,,,,,,85,,30 Years Warranty
47,Greenply,Platinum,Plywood ,12,,,,,,104,,30 Years Warranty
48,Greenply,Platinum,Plywood ,19,,,,,,146,,30 Years Warranty
49,Greenply,Club,Plywood ,6,,,,,,85,,Lifetime Warranty
50,Greenply,Club,Plywood ,9,,,,,,96,,Lifetime Warranty
51,Greenply,Club,Plywood ,12,,,,,,122,,Lifetime Warranty
52,Greenply,Club,Plywood ,19,,,,,,171,,Lifetime Warranty
53,Greenply,Green BWP,Plywood ,4,,,,,,59,,25 Years Warranty
54,Greenply,Green BWP,Plywood ,6,,,,,,67,,25 Years Warranty
55,Greenply,Green BWP,Plywood ,9,,,,,,79,,25 Years Warranty
56,Greenply,Green BWP,Plywood ,12,,,,,,99,,25 Years Warranty
57,Greenply,Green BWP,Plywood ,16,,,,,,125,,25 Years Warranty
58,Greenply,Green BWP,Plywood ,19,,,,,,137,,25 Years Warranty
59,Greenply,Green BWP,Block Board,19,,,,,,141,,25 Years Warranty
60,Greenply,Green BWP,Block Board,25,,,,,,187,,25 Years Warranty
61,Greenply,Optima,Plywood ,6,,,,,,62,,21 Years Warranty
62,Greenply,Optima,Plywood ,9,,,,,,73,,21 Years Warranty
63,Greenply,Optima,Plywood ,12,,,,,,91,,21 Years Warranty
64,Greenply,Optima,Plywood ,16,,,,,,116,,21 Years Warranty
65,Greenply,Optima,Plywood ,19,,,,,,127,,21 Years Warranty
66,Greenply,Optima,Block Board,19,,,,,,132,,21 Years Warranty
67,Greenply,Optima,Block Board,25,,,,,,175,,21 Years Warranty
68,Greenply,Echotech BWP,Plywood ,6,,,,,,54,,10 Years Warranty
69,Greenply,Echotech BWP,Plywood ,9,,,,,,64,,10 Years Warranty
70,Greenply,Echotech BWP,Plywood ,12,,,,,,77,,10 Years Warranty
71,Greenply,Echotech BWP,Plywood ,16,,,,,,101,,10 Years Warranty
72,Greenply,Echotech BWP,Plywood ,19,,,,,,107,,10 Years Warranty
73,Greenply,Echotech BWP,Block Board,19,,,,,,112,,10 Years Warranty
74,Greenply,Echotech BWP,Block Board,25,,,,,,153,,10 Years Warranty
75,Greenply,MR,Plywood ,6,,,,,,44,,5 Years Warranty
76,Greenply,MR,Plywood ,9,,,,,,52,,5 Years Warranty
77,Greenply,MR,Plywood ,12,,,,,,65,,5 Years Warranty
78,Greenply,MR,Plywood ,16,,,,,,84,,5 Years Warranty
79,Greenply,MR,Plywood ,19,,,,,,88,,5 Years Warranty
80,Greenply,MR,Block Board,19,,,,,,95,,5 Years Warranty
81,Greenply,MR,Block Board,25,,,,,,119,,5 Years Warranty
82,Action Tesa,Interior Grade,MDF,3.3,,,,,,17.4,,10 Years warranty
83,Action Tesa,Interior Grade,MDF,5.5,,,,,,30.75,,10 Years warranty
84,Action Tesa,Interior Grade,MDF,7.5,,,,,,38.75,,10 Years warranty
85,Action Tesa,Interior Grade,MDF,8,,,,,,42,,10 Years warranty
86,Action Tesa,Interior Grade,MDF,11,,,,,,58,,10 Years warranty
87,Action Tesa,Interior Grade,MDF,12,,,,,,63,,10 Years warranty
88,Action Tesa,Interior Grade,MDF,16,,,,,,80,,10 Years warranty
89,Action Tesa,Interior Grade,MDF,16.75,,,,,,84,,10 Years warranty
90,Action Tesa,Interior Grade,MDF,18,,,,,,93.5,,10 Years warranty
91,Action Tesa,Interior Grade,MDF,25,,,,,,139,,10 Years warranty
,Action Tesa,Exterior Grade,MDF,,,,,,,,,
,Action Tesa,Exterior Grade,MDF,,,,,,,,,
,Action Tesa,Exterior Grade,MDF,,,,,,,,,
,Action Tesa,Exterior Grade,MDF,,,,,,,,,
,Action Tesa,Exterior Grade,MDF,,,,,,,,,
,Action Tesa,Exterior Grade,MDF,,,,,,,,,
,Action Tesa,Exterior Grade,MDF,,,,,,,,,
,Action Tesa,Exterior Grade,MDF,,,,,,,,,
,Action Tesa,Exterior Grade,MDF,,,,,,,,,
,Action Tesa,Exterior Grade,MDF,,,,,,,,,
92,Action Tesa,Boilo,BWP - HDF,5.5,,,,,,58,,20 Years Warranty
93,Action Tesa,Boilo,BWP - HDF,8,,,,,,78,,20 Years Warranty
94,Action Tesa,Boilo,BWP - HDF,12,,,,,,115,,20 Years Warranty
95,Action Tesa,Boilo,BWP - HDF,16,,,,,,148.5,,20 Years Warranty
96,Action Tesa,Boilo,BWP - HDF,16.75,,,,,,156,,20 Years Warranty
97,Action Tesa,Boilo,BWP - HDF,18,,,,,,168,,20 Years Warranty
98,Action Tesa,OSL,HDHMR Prelam,3,,,,,,40,,10 Years warranty
99,Action Tesa,OSL,HDHMR Prelam,5.5,,,,,,53.25,,10 Years warranty
100,Action Tesa,OSL,HDHMR Prelam,7.5,,,,,,61.25,,10 Years warranty
101,Action Tesa,OSL,HDHMR Prelam,8,,,,,,64.5,,10 Years warranty
102,Action Tesa,OSL,HDHMR Prelam,11,,,,,,80.25,,10 Years warranty
103,Action Tesa,OSL,HDHMR Prelam,12,,,,,,85.5,,10 Years warranty
104,Action Tesa,OSL,HDHMR Prelam,16,,,,,,102.5,,10 Years warranty
105,Action Tesa,OSL,HDHMR Prelam,16.75,,,,,,106,,10 Years warranty
106,Action Tesa,OSL,HDHMR Prelam,18,,,,,,116,,10 Years warranty
107,Action Tesa,OSL,HDHMR Prelam,25,,,,,,161,,10 Years warranty
108,Action Tesa,Boilo Prelam OSL,BWP - HDF,5.5,,,,,,75.5,,20 Years Warranty
109,Action Tesa,Boilo Prelam OSL,BWP - HDF,8,,,,,,96,,20 Years Warranty
110,Action Tesa,Boilo Prelam OSL,BWP - HDF,12,,,,,,133,,20 Years Warranty
111,Action Tesa,Boilo Prelam OSL,BWP - HDF,16,,,,,,166,,20 Years Warranty
112,Action Tesa,Boilo Prelam OSL,BWP - HDF,16.75,,,,,,173.5,,20 Years Warranty
113,Action Tesa,Boilo Prelam OSL,BWP - HDF,18,,,,,,185,,20 Years Warranty
114,Action Tesa,BSL,HDHMR Prelam,3,,,,,,42,,10 Years warranty
115,Action Tesa,BSL,HDHMR Prelam,5.5,,,,,,55.5,,10 Years warranty
116,Action Tesa,BSL,HDHMR Prelam,7.5,,,,,,63.5,,10 Years warranty
117,Action Tesa,BSL,HDHMR Prelam,8,,,,,,66.75,,10 Years warranty
118,Action Tesa,BSL,HDHMR Prelam,11,,,,,,82.5,,10 Years warranty
119,Action Tesa,BSL,HDHMR Prelam,12,,,,,,88,,10 Years warranty
120,Action Tesa,BSL,HDHMR Prelam,16,,,,,,105,,10 Years warranty
121,Action Tesa,BSL,HDHMR Prelam,16.75,,,,,,108.5,,10 Years warranty
122,Action Tesa,BSL,HDHMR Prelam,18,,,,,,118,,10 Years warranty
123,Action Tesa,BSL,HDHMR Prelam,25,,,,,,163.5,,10 Years warranty
124,Action Tesa,Boilo Prelam BSL,BWP - HDF,5.5,,,,,,78,,20 Years Warranty
125,Action Tesa,Boilo Prelam BSL,BWP - HDF,8,,,,,,98,,20 Years Warranty
126,Action Tesa,Boilo Prelam BSL,BWP - HDF,12,,,,,,135,,20 Years Warranty
127,Action Tesa,Boilo Prelam BSL,BWP - HDF,16,,,,,,168,,20 Years Warranty
128,Action Tesa,Boilo Prelam BSL,BWP - HDF,16.75,,,,,,176,,20 Years Warranty
129,Action Tesa,Boilo Prelam BSL,BWP - HDF,18,,,,,,187,,20 Years Warranty
130,,,,,,,,,,,,