S no,Brand,Laminate code,Colour,Laminate thickness,Laminate Price,Laminate Photo,Comments
1,Century,5836 SL,Vintage Stone,2,2175,https://drive.google.com/file/d/1s1H4EDGpNd7Zl29EuIE5hYYfzzJSnSQi/view?usp=drive_link,Premium
2,Century,3284 SU,Smoke Green,2,,https://drive.google.com/file/d/1qYAZiL8BdoEyt0o2Ugz6v-0hd7HLa1R6/view?usp=drive_link,
3,Century,3238 SU,Silica Grey,2,,https://drive.google.com/file/d/1n3ERM_LV5Bng9SJYcOF9yn4GYDrxQAIi/view?usp=drive_link,
4,Century,5848 SL,Saturno Marble,2,2175,https://drive.google.com/file/d/15NOtMsC5QTJR3WSqcl1Prk9J5hM03nkT/view?usp=drive_link,Premium
5,Century,3852 SL,Sagrada Marble,2,2175,https://drive.google.com/file/d/11t4skVGxuKf0TSupYFYdhmNlu3cYBUMT/view?usp=drive_link,
6,Century,5837 SL,Rustic Stone,2,2175,https://drive.google.com/file/d/1Xm-dksjHFpuwlg_HsJ5YXwwQRl0C3xT9/view?usp=drive_link,
7,Century,5846 SL,Royal Marble,2,2175,https://drive.google.com/file/d/1A2u3szLwNlA9osFU7nRyVTNEFPN4I271/view?usp=drive_link,
8,Century,152 SU,Rose Pink,2,,https://drive.google.com/file/d/1CDS22Y7foOXNVpLnrOfx_fofZWdHZXNf/view?usp=drive_link,
9,Century,153 SU,Punch,2,,https://drive.google.com/file/d/1eDPE-gZeVbAyHoGzhpqje7ASsA3Y2zST/view?usp=drive_link,
10,Century,276 SU,Pista Green,2,,https://drive.google.com/file/d/1t1hlL9dIXvoQYCExiiINt40PTL0CZwYg/view?usp=drive_link,
11,Century,255 SU,Phiroja Blue,2,,https://drive.google.com/file/d/1optX4KrOoRPMiMNCEHwNHHP2CepN4ES4/view?usp=drive_link,
12,Century,131 SU,Pebble Ivory,2,,https://drive.google.com/file/d/1WNvUIE0ZVbf87bBis7K62Lfpji5NKGxe/view?usp=drive_link,
13,Century,5891 SL,Onyx,2,2175,https://drive.google.com/file/d/1pBhOBRZ_fyXIivCrmCicx47bYmvBOv68/view?usp=drive_link,
14,Century,5845 SL,Moonlight Marble,2,2175,https://drive.google.com/file/d/1AqAV3opmW1fuwcHRraXPyOjT0NaL6gMa/view?usp=drive_link,
15,Century,263 SU,Misty Lavender,2,,https://drive.google.com/file/d/1WgxnS8DnHanzaXdN7WqIL741dp_l9CzN/view?usp=drive_link,
16,Century,269 SU,Lupine,2,,https://drive.google.com/file/d/1NhyOMVGLQQZgm5tOaHmT50kQcA_6Dqm6/view?usp=drive_link,
17,Century,161 SU,Light Beige,2,,https://drive.google.com/file/d/18Zy0N3UtJO0gwbyRqOUi50gZt7889glH/view?usp=drive_link,
18,Century,5881 SL,Khabi Tiles,2,2175,https://drive.google.com/file/d/1QLizRxHHfY11lrHqbGt0MKOiweJ9lT2F/view?usp=drive_link,
19,Century,3853 SL,Gothic Marble,2,2175,https://drive.google.com/file/d/1RW3dY3Vno3ahv6NfAiot6akCMLu8J79q/view?usp=drive_link,
20,Century,224 SU,Gothic Grey,2,,https://drive.google.com/file/d/1ZWmTC5S4ClKmQHedjLbIjzsoRo9I1uGn/view?usp=drive_link,
21,Century,3246 SU,Flint,2,,https://drive.google.com/file/d/1lnxbD_1-wXBpEZ0MGFXemMODbqYeq6fz/view?usp=drive_link,
22,Century,288 SU,Dream Green,2,,https://drive.google.com/file/d/1RWdNDy5-Q4n7oJcOYcTSsxgrlWEM18nO/view?usp=drive_link,
23,Century,168 SU,Brazilian Sand,2,,https://drive.google.com/file/d/1_BEsiE7m7y7RzJ5LaX4To8BXezCu21Ph/view?usp=drive_link,
24,Century,3836 SL,Bark Stone,2,2175,https://drive.google.com/file/d/1fSlj7Xt3pl2Ln5vFuckuLPvtWUaOgwpv/view?usp=drive_link,
25,Century,3245 SU,Arctic Blue,2,,https://drive.google.com/file/d/1jB_XCDo0sxLzkp5fEkLvVR9XW-Kx6nnl/view?usp=drive_link,
26,Century,146 SU,Almond Pink,2,,https://drive.google.com/file/d/1fUoUz2nGJNlou2Zgqm4u3eZvaGswg1lw/view?usp=drive_link,
27,Century,228 SU,Allu Grey,2,,https://drive.google.com/file/d/1PCTbMrTxS2hGUovLAS4R96aaX-t2sYwx/view?usp=drive_link,
28,Century,127 SU,Almond Ivory,2,,https://drive.google.com/file/d/1xdEXXxWSejOPRFGeXMTFs7Bcb7U5nNT9/view?usp=drive_link,
29,Century,266 SU,Antique Violet,2,,https://drive.google.com/file/d/1V_pc6zfE5RBzKzFZ3F0qzpvgxn6weAUh/view?usp=drive_link,
30,Century,163 SU,Beige,2,,https://drive.google.com/file/d/1hQQ3d_mCMZOE12HRggf_uXdxW3izqzjS/view?usp=drive_link,
31,Century,293 SU,Black,2,,https://drive.google.com/file/d/1FYmAQZJgfSi1TR_RWLgSkc3uBT_NElaI/view?usp=drive_link,
32,Century,194 GL,Blood Red,2,,https://drive.google.com/file/d/12VtS885obIjWxgEnRSwR5R36knlulhGH/view?usp=drive_link,
33,Century,245 SU,Blue,2,,https://drive.google.com/file/d/1-7UXdrEfcoXdnfrq5wQMvwPKPwc_4Y5b/view?usp=drive_link,
34,Century,3241 SU,Blue Blush,2,,https://drive.google.com/file/d/1iewGjJqnUvJOXoRtJEFJK4WxC8I8tcOh/view?usp=drive_link,
35,Century,234 SU,Bluish Grey,2,,https://drive.google.com/file/d/1KgPD8obW-VhHs6yUuu6yR3TlYeBoLa6A/view?usp=drive_link,
36,Century,178 SU,Camel,2,,https://drive.google.com/file/d/1JPGQZ13dcn5th3hlT7ccy6qbSZuNNfWG/view?usp=drive_link,
37,Century,157 SU,Ceramic,2,,https://drive.google.com/file/d/16KRiMje4cI4Q--clIhWfmpfudtUgnCPL/view?usp=drive_link,
38,Century,174 SU,Chocolate,2,,https://drive.google.com/file/d/1kuDWfowht9sIuInFpTfcCeZJDpAs0qWq/view?usp=drive_link,
39,Century,217 SU,Classic Orange,2,,https://drive.google.com/file/d/1Sa5zbuRvSmzuP2lh3nhrdFbFAOR_yqpL/view?usp=drive_link,
40,Century,3142 SU,Classy Wine,2,,https://drive.google.com/file/d/1KIXJ9RaQCeNkG79Und0JeDWyJKfHMqut/view?usp=drive_link,
41,Century,3233 SU,Concrete Grey,2,,https://drive.google.com/file/d/1DHXylO_IDC6gC8-Y7Kc0nSiuS9d6S4R5/view?usp=drive_link,
42,Century,90196 SU,Coral,2,,https://drive.google.com/file/d/1di8BB9flx8PyJsElQqe5v6RisdHmKxkz/view?usp=drive_link,
43,Century,265 SU,Darkish Purple,2,,https://drive.google.com/file/d/1LMMwbG7UPFDNHPUmDqgSoTPhRFkPabdx/view?usp=drive_link,
44,Century,259 SU,Dawn Blue,2,,https://drive.google.com/file/d/1NuDxZr904TnQC1hkAamKUkd_l-zcRcGj/view?usp=drive_link,
45,Century,177 SU,Deep Bronze,2,,https://drive.google.com/file/d/1Yt4yJR0KPAKHREHg-RU3OwVEnnFncKMe/view?usp=drive_link,
46,Century,274 SU,Desert Green,2,,https://drive.google.com/file/d/1ZIawQsZmmIw2UOAPyTq7_FVSbWsPHByJ/view?usp=drive_link,
47,Century,109 SU,Designer White,2,,https://drive.google.com/file/d/1SQRjwuLRyiHBVJz5bePx_CA34p1P_BIH/view?usp=drive_link,
48,Century,159 SU,Dusk Purple,2,,https://drive.google.com/file/d/1aGaNRAOsAExiTjMnFAj8YI7sd8S8JFuM/view?usp=drive_link,
49,Century,3285 SU,Emerald Green,2,,https://drive.google.com/file/d/19GwwhWySR9PRzhoK05lHnD6PDb7bs1Ae/view?usp=drive_link,
50,Century,209 SU,Equinox Yellow,2,,https://drive.google.com/file/d/1CSTfbkFZ1cE7NwPjl0P3roJw5Dbb7Jg8/view?usp=drive_link,
51,Century,208 SU,Glaze Yellow,2,,https://drive.google.com/file/d/1QsDsw9n5EiY90Y-aunVSnXICcQkN7Xm3/view?usp=drive_link,
52,Century,238 SU,Graphite Grey,2,,https://drive.google.com/file/d/1lh0XVu2nc6HxSFQm-R0xqitKv9p3-WqS/view?usp=drive_link,
53,Century,231 SU,Grey,2,,https://drive.google.com/file/d/1oitzI0_FC5XYiZ9Ukw5uKJoMvWviZdxG/view?usp=drive_link,
54,Century,287 SU,Hawaiian Green,2,,https://drive.google.com/file/d/1qHVza9H0-rdWtFvG7Du17I2I65CPzExr/view?usp=drive_link,
55,Century,90155 SU,Hot Pink,2,,https://drive.google.com/file/d/1u5hyULBty_G1Z60b0my6kNusacktgMg_/view?usp=drive_link,
56,Century,121 SU,Ivory,2,,https://drive.google.com/file/d/19-x7TlW72DP6hTEfCxaa7YgXsd5ix-5k/view?usp=drive_link,
57,Century,261 SU,Lavender,2,,https://drive.google.com/file/d/1HRBkZDTCBn5WdfHKnXDIMbc9sD5gOv6V/view?usp=drive_link,
58,Century,171 SU,Light Brown,2,,https://drive.google.com/file/d/1doh-NBz2AzC6Wnk6KDve19BUhlJWZNuG/view?usp=drive_link,
59,Century,221 SU,Light Grey,2,,https://drive.google.com/file/d/1QoFdwlEQsYL_nCqiyd1xqqcre7gNBqpp/view?usp=drive_link,
60,Century,212 SU,Light Orange,2,,https://drive.google.com/file/d/12tjwna6AzolEOcl5P15Y33U5aj399lsp/view?usp=drive_link,
61,Century,275 SU,Lime Green,2,,https://drive.google.com/file/d/1QZzB94ROt2ipvBH18NrRiW4OY3Df73Vm/view?usp=drive_link,
62,Century,172 SU,Maddy Mushroom,2,,https://drive.google.com/file/d/1VpIzXGlt-S5dDGN5vOkvY4o5r29VOP3o/view?usp=drive_link,
63,Century,227 SU,Moon Grey,2,,https://drive.google.com/file/d/1xNd3fNxKZ4Vt5Sk0KByHP8QPBFEYwRGN/view?usp=drive_link,
64,Century,3171 SU,Mudpie,2,,https://drive.google.com/file/d/1qGEOr-1vl5GJv7Q9MSHo7XgeKIDKzmfB/view?usp=drive_link,
65,Century,125 SU,Mysore Ivory,2,,https://drive.google.com/file/d/1TfxIWoZIMXlq5jqadQYmesz9k5q9Sxie/view?usp=drive_link,
66,Century,249 SU,Navy Blue,2,,https://drive.google.com/file/d/1IfqE66L9vkbGIi5hPBrDfLApQcLObf9h/view?usp=drive_link,
67,Century,108 SU,Off White,2,,https://drive.google.com/file/d/1vDMsuWWfBDjQsY5j-ck8Hp8plmewr61R/view?usp=drive_link,
68,Century,3271 SU,Olive Green,2,,https://drive.google.com/file/d/1cf6-jJupQZqRvZtpG73hns4YCYvhUxXp/view?usp=drive_link,
69,Century,3244 SU,Pastel Blue,2,,https://drive.google.com/file/d/1zqvYca8zrMSvXcXeiFBp12Sdzt1c6OSz/view?usp=drive_link,
70,Century,151 SU,Peach Pink,2,,https://drive.google.com/file/d/1rB8Ck8THq-8HT-XdcbnmwgukmEnFcY_O/view?usp=drive_link,
71,Century,267 SU,Purple,2,,https://drive.google.com/file/d/1LB5wCQH3CLNRYmWQsuPfWfCkZqya9bU8/view?usp=drive_link,
72,Century,247 SU,Royal Blue,2,,https://drive.google.com/file/d/1Ry-McRLlp-e_Y0yicQCsRRCmVHvpmAXO/view?usp=drive_link,
73,Century,241 SU,Satin Blue,2,,https://drive.google.com/file/d/1tTDOyHNBHjfPPj3FO7wfsz-C4uaKa-vz/view?usp=drive_link,
74,Century,3282 SU,Seafoam Green,2,,https://drive.google.com/file/d/1fiTWQvp6X-1WQ35BeG9x6t76zH21VyzG/view?usp=drive_link,
75,Century,3252 SU,Shore Blue,2,,https://drive.google.com/file/d/19R1z84lYshYAKMaLKfEN5xb3qhcinC2m/view?usp=drive_link,
76,Century,225 SU,Silver Grey,2,,https://drive.google.com/file/d/1NKyXbVOUba-Eh9vQjcHKCVb4faDDK_n_/view?usp=drive_link,
77,Century,243 SU,Sky Blue,2,,https://drive.google.com/file/d/1pcOcuKQhXDe5Uxe05c3d9uzD0BYx3wEJ/view?usp=drive_link,
78,Century,236 SU,Slate Grey,2,,https://drive.google.com/file/d/1ASjnbgu3UkEv8r3GDdyB5x7GkDAzMDN2/view?usp=drive_link,
79,Century,107 SU,Snow White,2,,https://drive.google.com/file/d/1Gsm1ncUX--z04y3AnnwkYIfh9hTJTpOS/view?usp=drive_link,
80,Century,281 SU,Steel Green Chalk Board,2,1280,https://drive.google.com/file/d/1deXo530nfGRPEWIv6hgZsqk-XKe_c5Rl/view?usp=drive_link,
81,Century,206 SU,Sun Bloom,2,,https://drive.google.com/file/d/1xcchs2HhXyX9JsB4IAuLMRO-RVv47SwD/view?usp=drive_link,
82,Century,257 SU,Swiss Blue,2,,https://drive.google.com/file/d/1BFofCVzpmu2iQRQAJqDDbjgLkB9DKVKn/view?usp=drive_link,
83,Century,158 SU,Taupe,2,,https://drive.google.com/file/d/1HaQESKsCOvAiNEfuPyBd0mZ1zUfD23qY/view?usp=drive_link,
84,Century,3272 SU,Teal,2,,https://drive.google.com/file/d/1HaQESKsCOvAiNEfuPyBd0mZ1zUfD23qY/view?usp=drive_link,
85,Century,254 SU,Thistle Blue,2,,https://drive.google.com/file/d/1iAB2wp9V6S2Hd1LxgDb52Zy_Iam5QMy2/view?usp=drive_link,
86,Century,3281 SU,Traffic Green,2,,https://drive.google.com/file/d/1I3axwd00l_GZl8rGl_lGKTIGLnfEtcGj/view?usp=drive_link,
87,Century,164 SU,Twilight Beige,2,,https://drive.google.com/file/d/18lQ5yDLbm3pv4L_XQXxmLHKI1xn-bxgo/view?usp=drive_link,
88,Century,181 SU,Vintage Burgundy,2,,https://drive.google.com/file/d/1ltnYgkAZSifr9LnhkImVySdmOFBXs8ZM/view?usp=drive_link,
89,Century,226 SU,Warm Grey,2,,https://drive.google.com/file/d/1WERQUUdj2LTG9j4K_0Y-0cMoaY0JxR3I/view?usp=drive_link,
90,Century,101 SU,White,2,,https://drive.google.com/file/d/1lW1KkKsVyL7FTbZaBrejx9ShfBhLjEpU/view?usp=drive_link,
91,Century,101 MG,White,2,,https://drive.google.com/file/d/1YGrVAC0higTVMUvNvR2AcXZeTxmgRe4_/view?usp=drive_link,
92,Century,101 MT,White,2,3165,https://drive.google.com/file/d/1SpbsN7YRa0wSqU4_ccmlP-ybmLVyYJuX/view?usp=drive_link,
93,Century,108 MT,Off White,2,3165,https://drive.google.com/file/d/1okG_Un3ibCz18g0QyIyXpFpeivK4SlZ7/view?usp=drive_link,
94,Century,111 GL,Frosty White,2,3165,https://drive.google.com/file/d/1jFkSKBzd7DoxS40V-Cpez_NyCrjeOMdd/view?usp=drive_link,
95,Century,111 MT,Frosty White,2,3165,https://drive.google.com/file/d/19hb_5g9haMRxY0u9pqbYb6AZ89PApuiV/view?usp=drive_link,
96,Century,111 SU,Frosty White,2,,https://drive.google.com/file/d/1uWTgs_UFWAYwmLcDGbFuEZ3tqng_VDa8/view?usp=drive_link,
97,Century,3962 LU,Almon Mahogany,2,2488,https://drive.google.com/file/d/1XMMzlVSESBkocVaIrraffLzoyaa-_3p-/view?usp=drive_link,
98,Century,127 LU,Almond Ivory,2,2388,https://drive.google.com/file/d/1XxWGmp0sMts_6n7MjoEBtqMk_IcP8QkW/view?usp=drive_link,
99,Century,266 AFP,Antique Violet,2,5100,https://drive.google.com/file/d/1oU-gagQU994uOPq7OoZzbHjD4b74ZFdl/view?usp=drive_link,
